"","id","player","team","overall_ecr","adp","adp_sd","uncertainty","tier","proj_fp_avg","player_type","seasons_played","hist_fp_avg","hist_delta_avg","hist_delta_last","proj_fp_median","proj_sd","num_sources","projection_rank","replacement_points","vor","vor_rank","aav","career_games","hist_fp_max","last_season_fp","pos"
"1","13589","Josh Allen","BUF",25.13,17.338,8.46617835862203,0.05,1,404.541428571429,"Veteran (3+ yrs)",8,382.3975,22.1439285714286,8.32142857142856,400.08,12.1800758461944,6,1,320.400285714286,84.1411428571429,1,33.513,126,433.18,396.22,"QB"
"2","13593","Lamar Jackson","BAL",30.92,39.262,12.4943769752637,0.22,1,365.116,"Veteran (3+ yrs)",8,333.6025,31.5135,132.156,356.86,19.7230530091059,6,2,320.400285714286,44.7157142857143,2,21.775,116,470.08,232.96,"QB"
"3","16581","Jayden Daniels","WAS",53.62,56.878,15.1442429985787,0.3,1,362.567714285714,"Young (1-2yrs)",2,261.95,100.617714285714,232.887714285714,358.34,17.8959407475018,6,3,320.400285714286,42.1674285714286,3,12.409,24,394.22,129.68,"QB"
"4","14783","Jalen Hurts","PHI",56.13,62.73,14.7110489088984,0.09,1,357.549428571429,"Veteran (3+ yrs)",6,332.673333333333,24.8760952380952,24.9894285714286,351.44,13.5707207233949,6,4,320.400285714286,37.1491428571429,4,13.466,92,423.54,332.56,"QB"
"5","16580","Drake Maye","NEP",33.89,45.45,14.6228123150097,0.06,1,352.478571428571,"Young (1-2yrs)",2,284.1,68.3785714285714,-26.3814285714285,353.7,12.1376129291985,6,5,320.400285714286,32.0782857142858,5,15.099,30,378.86,378.86,"QB"
"6","17032","Jaxson Dart","NYG",95.83,94.908,21.9585658912416,0.37,2,341.668571428571,"Young (1-2yrs)",1,265.38,76.2885714285715,76.2885714285715,337.56,16.7001870534149,6,6,320.400285714286,21.2682857142858,6,7.924,14,265.38,265.38,"QB"
"7","16579","Caleb Williams","CHI",64.54,69.498,19.1503800484481,0.46,1,334.654,"Young (1-2yrs)",2,306.31,28.3439999999999,-5.12600000000003,327.94,22.8382788318209,5,7,320.400285714286,14.2537142857143,7,9.534,34,339.78,339.78,"QB"
"8","14779","Justin Herbert","LAC",68.39,81.28,21.9100680053714,0.47,2,330.998,"Veteran (3+ yrs)",6,314.35,16.648,21.218,321.66,21.549708118673,5,8,320.400285714286,10.5977142857143,8,8.726,95,387.66,309.78,"QB"
"9","16582","Bo Nix","DEN",99.44,102.936,21.6444751380115,0.42,2,330.17,"Young (1-2yrs)",2,333.27,-3.09999999999997,8.43000000000001,325.28,23.5908456821709,5,9,320.400285714286,9.76971428571431,9,6.844,34,344.8,321.74,"QB"
"10","15237","Trevor Lawrence","JAC",75.81,79.614,15.6204962789279,0.33,2,327.477142857143,"Veteran (3+ yrs)",5,262.896,64.5811428571429,-33.3028571428571,316.72,18.1640026006437,6,10,320.400285714286,7.07685714285719,10,8.982,77,360.78,360.78,"QB"
"11","14777","Joe Burrow","CIN",42.35,48.422,13.0531994545399,0.2,1,326.01,"Veteran (3+ yrs)",6,259.466666666667,66.5433333333333,187.35,319.62,18.2961717307201,6,11,320.400285714286,5.60971428571429,11,15.534,77,385.42,138.66,"QB"
"12","13116","Patrick Mahomes","KCC",99.44,90.958,22.7580406889521,0.36,2,321.322,"Veteran (3+ yrs)",9,315.74,5.58199999999999,20.442,319.54,17.370786395555,5,12,320.400285714286,0.921714285714302,12,8.816,126,433.08,300.88,"QB"
"13","15698","Brock Purdy","SFO",94.31,93.252,20.3038936167426,0.07,3,320.400285714286,"Veteran (3+ yrs)",4,223.025,97.3752857142857,135.120285714286,318.44,8.21508664418269,6,13,320.400285714286,0,13,6.648,49,307.3,185.28,"QB"
"14","12620","Dak Prescott","DAL",79.22,66.878,15.7509369880017,0.2,2,319.098857142857,"Veteran (3+ yrs)",10,271.506,47.5928571428571,-4.58114285714294,309.346,13.8546876715497,6,14,320.400285714286,-1.30142857142857,14,9.522,139,355.34,323.68,"QB"
"15","17039","Tyler Shough","NOS",124.73,128.496,21.5973976210098,0.29,3,310.42,"Young (1-2yrs)",1,169.46,140.96,140.96,318.44,14.8144119019285,5,15,320.400285714286,-9.98028571428569,15,5.2665,11,169.46,169.46,"QB"
"16","9431","Matthew Stafford","LAR",105.15,85.622,23.0985994380612,0.32,2,307.592,"Veteran (3+ yrs)",11,254.943636363636,52.6483636363636,-51.488,306,19.8038612396674,5,16,320.400285714286,-12.8082857142857,16,9.112,162,359.08,359.08,"QB"
"17","14056","Kyler Murray","MIN",111.43,125.076,21.7012373840756,0.64,4,306.752,"Veteran (3+ yrs)",7,261.142857142857,45.6091428571428,220.272,307.78,24.5039898792013,5,17,320.400285714286,-13.6482857142857,17,6.8005,87,418.64,86.48,"QB"
"18","12611","Jared Goff","DET",105.6,101.618,18.1162958686372,0.47,3,305.692,"Veteran (3+ yrs)",10,255.818,49.874,2.93200000000002,298.26,22.0403702328251,5,18,320.400285714286,-14.7082857142857,18,6.199,151,332.96,302.76,"QB"
"19","13590","Baker Mayfield","TBB",120.08,122.342,19.8028698930231,0.53,3,305.648,"Veteran (3+ yrs)",8,252.475,53.173,21.228,307.52,22.368248031529,5,19,320.400285714286,-14.7522857142857,19,5.358,123,381.8,284.42,"QB"
"20","15694","Malik Willis","MIA",135.42,141.772,20.4399544030803,0.35,4,300.326,"Veteran (3+ yrs)",4,36.895,263.431,242.546,304.9,22.7194779869609,5,20,320.400285714286,-20.0742857142857,20,4.456,19,57.8,57.78,"QB"
"21","14782","Jordan Love","GBP",121.52,132.482,28.8297599018792,0.28,4,286.936,"Veteran (3+ yrs)",5,169.08,117.856,41.696,279.94,16.3234579669873,5,21,320.400285714286,-33.4642857142857,21,4.5285,57,330.06,245.24,"QB"
"22","16150","CJ Stroud","HOU",147.82,142.55,30.7617106156338,0.39,4,283.266,"Veteran (3+ yrs)",3,248.213333333333,35.0526666666667,60.326,286.44,20.2070230365583,5,22,320.400285714286,-37.1342857142857,22,3.5445,46,285.72,222.94,"QB"
"23","13592","Sam Darnold","SEA",146.81,139.036,25.5022419406608,0.24,5,280.41,"Veteran (3+ yrs)",8,172.58,107.83,38.49,282.14,12.4868330652732,5,23,320.400285714286,-39.9902857142857,23,4.929,100,328.06,241.92,"QB"
"24","16148","Bryce Young","CAR",183.92,145.25,38.2300483912851,0.43,6,278.206,"Veteran (3+ yrs)",3,201.413333333333,76.7926666666667,45.966,277.58,23.5116753975551,5,24,320.400285714286,-42.1942857142857,24,3.698,46,232.24,232.24,"QB"
"25","16161","Bijan Robinson","ATL",2.48,2.072,0.355156303618562,0.24,2,458.65,"Veteran (3+ yrs)",3,398.766666666667,59.8833333333333,3.75,456.79,18.413824516741,6,1,197.56,261.09,1,61.45,51,454.9,454.9,"RB"
"26","16162","Jahmyr Gibbs","DET",1.66,1.678,0.500575668605656,0.05,1,452.272857142857,"Veteran (3+ yrs)",3,391.466666666667,60.8061904761905,12.4728571428572,455.16,13.6020105306602,6,2,197.56,254.712857142857,2,61.575,49,439.8,439.8,"RB"
"27","13130","Christian McCaffrey","SFO",11.2,8.034,3.77556141520702,0.1,4,414.414285714286,"Veteran (3+ yrs)",9,334.517777777778,79.8965079365079,-95.4857142857143,415.58,14.4845605814638,6,3,197.56,216.854285714286,3,55.852,112,555.3,509.9,"RB"
"28","14802","Jonathan Taylor","IND",7.38,6.83,3.15271311730072,0.18,3,411.941428571429,"Veteran (3+ yrs)",6,333.166666666667,78.7747619047619,-45.2585714285714,415.5,18.8264100211834,6,4,197.56,214.381428571429,4,52.401,84,472.7,457.2,"RB"
"29","17042","Ashton Jeanty","LVR",17.25,13.134,2.67683096216403,0.45,6,369.611428571429,"Young (1-2yrs)",1,324.9,44.7114285714286,44.7114285714286,360.58,24.5782365983753,6,5,197.56,172.051428571429,5,40.544,17,324.9,324.9,"RB"
"30","16167","De'Von Achane","MIA",27.33,13.708,3.62544011121409,0.33,5,366.792857142857,"Veteran (3+ yrs)",3,325.533333333333,41.2595238095238,-27.4071428571428,363.88,21.6121668775451,6,6,197.56,169.232857142857,6,39.117,44,394.2,394.2,"RB"
"31","15715","James Cook","BUF",10.31,10.78,3.2975384758938,0.09,5,365.825714285714,"Veteran (3+ yrs)",4,289.975,75.8507142857143,-29.0742857142857,357.7,15.0763145995552,6,7,197.56,168.265714285714,7,46.292,66,394.9,394.9,"RB"
"32","12626","Derrick Henry","BAL",15.56,18,10.2812294984598,0.18,4,358.828571428571,"Veteran (3+ yrs)",10,322.298,36.5305714285714,-12.7714285714286,367.89,18.5773647472504,6,8,197.56,161.268571428571,8,42.281,152,444.5,371.6,"RB"
"33","16181","Chase Brown","CIN",23.75,17.304,4.39174498348891,0.16,6,354.64,"Veteran (3+ yrs)",3,246.2,108.44,4.44,350.39,18.2756076050383,6,9,197.56,157.08,9,37.364,45,350.2,350.2,"RB"
"34","13604","Saquon Barkley","PHI",16.54,16.472,5.89180583522573,0.07,6,352.652857142857,"Veteran (3+ yrs)",8,302.8125,49.8403571428571,38.3528571428571,353.19,16.3518334489701,6,10,197.56,155.092857142857,10,48.593,106,462.1,314.3,"RB"
"35","17044","Omarion Hampton","LAC",25.08,20.384,3.20789401321178,0.39,7,335.714,"Young (1-2yrs)",1,172.9,162.814,162.814,338.9,28.675075937127,5,11,197.56,138.154,11,36.716,9,172.9,172.9,"RB"
"36","15711","Kenneth Walker","KCC",25.04,21.008,3.94129623347446,0.45,6,334.72,"Veteran (3+ yrs)",4,255.325,79.395,76.52,336.5,23.8643457903208,5,12,197.56,137.16,12,38.802,58,270.9,258.2,"RB"
"37","14073","Josh Jacobs","GBP",36.89,31.666,11.5751589189955,0.08,7,330.244,"Veteran (3+ yrs)",7,320.071428571429,10.1725714285715,22.944,328.8,17.059445477506,5,13,197.56,132.684,13,30.741,105,430.3,307.3,"RB"
"38","17472","Jeremiyah Love","ARI",44.99,29.556,2.28652225005575,0.46,8,324.41,"Rookie/No History",NA,NA,NA,NA,333.7,33.2194671841678,5,14,197.56,126.85,14,56.877,NA,NA,NA,"RB"
"39","15710","Kyren Williams","LAR",32.76,28.282,6.75523026994639,0.07,7,319.412,"Veteran (3+ yrs)",4,267.575,51.837,-21.588,318.06,11.2629356741482,5,15,197.56,121.852,15,28.836,53,366.9,341,"RB"
"40","15256","Javonte Williams","DAL",36.22,33.742,7.98035939040342,0.57,7,317.776,"Veteran (3+ yrs)",5,216.04,101.736,-0.623999999999967,306.8,34.8951841949573,5,16,197.56,120.216,16,28.362,70,318.4,318.4,"RB"
"41","15253","Travis Etienne","NOS",50.42,44.788,6.66060477734567,0.4,8,312.434,"Veteran (3+ yrs)",4,283.675,28.759,-19.466,300.7,20.9820466113294,5,17,197.56,114.874,17,22.153,66,358.5,331.9,"RB"
"42","17051","Quinshon Judkins","CLE",54.6,48.278,7.30870823059725,0.73,9,308.21,"Young (1-2yrs)",1,236.8,71.4100000000001,71.4100000000001,293.1,33.9314824315119,5,18,197.56,110.65,18,18.041,14,236.8,236.8,"RB"
"43","17045","Cam Skattebo","NYG",53.17,37.136,6.50635566196623,0.16,8,308.016,"Young (1-2yrs)",1,156,152.016,152.016,305.3,17.7117836481818,5,19,197.56,110.456,19,18.944,8,156,156,"RB"
"44","16598","Bucky Irving","TBB",56.27,47.886,8.68118332947761,0.54,8,307.12,"Young (1-2yrs)",2,248.45,58.67,116.72,307.3,26.2139657434734,5,20,197.56,109.56,20,15.061,27,306.5,190.4,"RB"
"45","15708","Breece Hall","NYJ",42.66,34.676,4.73644845849715,0.79,8,306.662,"Veteran (3+ yrs)",4,268.665,37.997,26.102,322.9,53.3069715890895,5,21,197.56,109.102,21,26.289,56,355.4,280.56,"RB"
"46","14797","D'Andre Swift","CHI",52.46,47.278,11.5149422925171,0.31,9,279.994,"Veteran (3+ yrs)",6,258.15,21.8440000000001,-15.506,276,24.4664807440711,5,22,197.56,82.434,22,19.541,89,295.5,295.5,"RB"
"47","17052","Bhayshul Tuten","JAC",61.06,55.192,8.81551677441544,0.06,9,277.29,"Young (1-2yrs)",1,113.5,163.79,163.79,277.5,21.0739293915492,5,23,197.56,79.73,23,13.177,15,113.5,113.5,"RB"
"48","14071","David Montgomery","HOU",55.63,54.586,9.3477817689546,0.26,10,271.05,"Veteran (3+ yrs)",7,262.977142857143,8.07285714285717,58.73,265,18.2394490048357,5,24,197.56,73.49,24,19.668,105,336.9,212.32,"RB"
"49","17043","TreVeyon Henderson","NEP",64.17,59.244,6.04356384925319,0.54,11,265.016,"Young (1-2yrs)",1,260.2,4.81599999999997,4.81599999999997,254.5,29.5142216566861,5,25,197.56,67.456,25,12.152,17,260.2,260.2,"RB"
"50","14085","Tony Pollard","TEN",77.93,79.91,13.276812870565,0.14,11,252.076,"Veteran (3+ yrs)",7,228.242857142857,23.8331428571429,-6.32400000000004,253.98,14.4731779509547,5,26,197.56,54.516,26,11.308,111,306.7,258.4,"RB"
"51","15742","Jaylen Warren","PIT",76.37,75.352,8.63974397768823,0.23,11,249.312,"Veteran (3+ yrs)",4,199.5,49.812,-31.0880000000001,258.3,15.4602302699539,5,27,197.56,51.752,27,10.323,64,280.4,280.4,"RB"
"52","14823","Rico Dowdle","PIT",82.13,82.094,12.9788128887044,0.21,11,244.952,"Veteran (3+ yrs)",5,135.62,109.332,-42.148,247.9,15.9084103542749,5,28,197.56,47.392,28,8.824,56,287.1,287.1,"RB"
"53","17473","Jadarian Price","SEA",64.35,63.734,8.8574976150152,0.92,11,239.49,"Rookie/No History",NA,NA,NA,NA,261.3,57.7325125037877,5,29,197.56,41.93,29,29.194,NA,NA,NA,"RB"
"54","15259","Rhamondre Stevenson","NEP",77.37,80.498,10.4196475948086,0.36,11,237.084,"Veteran (3+ yrs)",5,221.44,15.644,23.284,233.6,18.2973571862168,5,30,197.56,39.524,30,10.744,70,312.1,213.8,"RB"
"55","15261","Chuba Hubbard","CAR",94.85,86.634,11.3213278373166,0.28,12,235.442,"Veteran (3+ yrs)",5,208.3,27.142,69.842,225,16.4861099110736,5,31,197.56,37.882,31,8.408,77,314.6,165.6,"RB"
"56","14800","JK Dobbins","DEN",85.27,91.114,13.2751792454942,0.33,11,232.188,"Veteran (3+ yrs)",5,147.94,84.248,70.388,235,18.8753733737905,5,32,197.56,34.628,32,8.615,47,250.3,161.8,"RB"
"57","17068","RJ Harvey","DEN",108.44,86.644,13.2831827511331,0.68,12,220.066,"Young (1-2yrs)",1,250.4,-30.334,-30.334,223.13,33.0612882386637,5,33,197.56,22.506,33,5.611,17,250.4,250.4,"RB"
"58","17066","Kyle Monangai","CHI",97.87,102.232,10.6712968284084,0.2,12,218.066,"Young (1-2yrs)",1,193.4,24.666,24.666,225.53,15.894488982034,5,34,197.56,20.506,34,5.04,17,193.4,193.4,"RB"
"59","17256","Jacory Croskey-Merritt","WAS",94.18,104.206,13.4835493843424,0.07,12,199.306,"Young (1-2yrs)",1,192.8,6.506,6.506,200,13.7728239660572,5,35,197.56,1.74600000000001,35,5.399,17,192.8,192.8,"RB"
"60","16597","Jonathon Brooks","CAR",92.04,95.154,10.833940372736,0.79,13,197.692,"Young (1-2yrs)",1,10.2,187.492,187.492,195.46,35.2866025567778,5,36,197.56,0.132000000000005,36,9.744,3,10.2,10.2,"RB"
"61","15972","Jordan Mason","MIN",99.03,107.64,17.644348670325,0.47,13,197.56,"Veteran (3+ yrs)",4,109.725,87.835,20.96,205.4,22.6332277857137,5,37,197.56,0,37,5.63,56,176.6,176.6,"RB"
"62","13319","Aaron Jones","MIN",119.33,117.88,9.76292783953667,0.35,14,196.902,"Veteran (3+ yrs)",9,251.677777777778,-54.7757777777778,38.602,204.51,23.6415528254808,5,38,197.56,-0.658000000000015,38,6.364,124,385.6,158.3,"RB"
"63","15721","Rachaad White","WAS",111.18,119.822,15.0364016972147,0.5,14,194.156,"Veteran (3+ yrs)",4,238.675,-44.519,11.556,196.2,22.2517792547023,5,39,197.56,-3.404,39,7.54,66,349.5,182.6,"RB"
"64","15255","Kenneth Gainwell","TBB",116.47,114.69,10.9586824025519,0.59,14,190.984,"Rookie/No History",NA,NA,NA,NA,202.52,36.1531780069194,5,40,197.56,-6.57599999999999,40,6.56,NA,NA,NA,"RB"
"65","16593","Blake Corum","LAR",86.49,104.056,9.49609730362953,0.19,13,184.718,"Young (1-2yrs)",2,108.3,76.418,19.018,180.1,17.2629406533186,5,41,197.56,-12.842,41,5.065,32,165.7,165.7,"RB"
"66","17053","Woody Marks","HOU",134.85,137.86,16.2698383519935,0.17,15,175.048,"Young (1-2yrs)",1,203.9,-28.852,-28.852,173.7,11.9383633719199,5,42,197.56,-22.512,42,3.116,16,203.9,203.9,"RB"
"67","16165","Tyjae Spears","TEN",155.43,152.97,18.9072062981288,0.35,15,168.662,"Veteran (3+ yrs)",3,151.966666666667,16.6953333333333,35.362,173.4,18.0889529824144,5,43,197.56,-28.898,43,4.56066666666667,42,183.8,133.3,"RB"
"68","16169","Zach Charbonnet","SEA",136.46,126.098,5.93053926721677,0.7,14,165.142,"Veteran (3+ yrs)",3,200.166666666667,-35.0246666666667,-69.458,164.9,23.3590522067998,5,44,197.56,-32.418,44,5.482,49,234.6,234.6,"RB"
"69","16747","Tyrone Tracy","NYG",134.82,138.142,16.3449960538386,0.3,15,159.414,"Young (1-2yrs)",2,226.75,-67.336,-54.186,162.7,16.7936589223433,5,45,197.56,-38.146,45,2.733,32,239.9,213.6,"RB"
"70","13132","Alvin Kamara","NOS",154.26,142.504,18.80123038527,0.63,16,154.554,"Veteran (3+ yrs)",9,314.28,-159.726,14.554,158.2,28.8259619093622,5,46,197.56,-43.006,46,3.737,126,433.9,140,"RB"
"71","15749","Isiah Pacheco","DET",147.73,146.766,21.4448591508548,0.52,16,150.226,"Veteran (3+ yrs)",4,166.475,-16.249,27.526,150.1,21.7348080276776,5,47,197.56,-47.334,47,3.136,51,275.4,122.7,"RB"
"72","16174","Chris Rodriguez","JAC",116.22,138.416,15.8647453178423,0.6,15,136.856,"Veteran (3+ yrs)",3,73.6,63.256,11.256,135.9,26.9875652847751,5,48,197.56,-60.704,48,4.46,28,125.6,125.6,"RB"
"73","15712","Tyler Allgeier","ARI",130.75,145.038,14.2803422928164,0.26,16,134.682,"Veteran (3+ yrs)",4,180.75,-46.068,-31.218,137.4,17.7420579415129,5,49,197.56,-62.878,49,3.809,67,220.4,165.9,"RB"
"74","15716","Brian Robinson","ATL",151.16,148.49,29.3661396850182,0.21,17,122.976,"Veteran (3+ yrs)",4,182.425,-59.449,32.876,127.4,12.058684837079,5,50,197.56,-74.584,50,5.726,58,249.5,90.1,"RB"
"75","17047","Dylan Sampson","CLE",164.03,172.946666666667,10.4765081120678,0.57,17,117.238,"Young (1-2yrs)",1,107.1,10.138,10.138,102,26.9396681494038,5,51,197.56,-80.322,51,1.27666666666667,15,107.1,107.1,"RB"
"76","14086","Justice Hill","BAL",251.65,210.435,28.065,0.52,17,114.828,"Veteran (3+ yrs)",6,81.0833333333333,33.7446666666667,44.228,112.7,14.4635030334978,5,52,197.56,-82.732,52,1.454,83,141.2,70.6,"RB"
"77","16596","Braelon Allen","NYJ",166.16,169.535,19.1699054509927,0.71,17,109.62,"Young (1-2yrs)",2,66.75,42.87,88.92,100.5,29.4806207533017,5,53,197.56,-87.94,53,1.928,21,112.8,20.7,"RB"
"78","14223","Alexander Mattison","MIA",NA,NA,NA,NA,17,108.3,"Veteran (3+ yrs)",6,142.166666666667,-33.8666666666667,-66.7,108.3,NA,1,54,197.56,-89.26,54,NA,89,187.2,175,"RB"
"79","16164","Tank Bigsby","PHI",146.79,153.924,16.5021339226174,0.53,17,107.908,"Veteran (3+ yrs)",3,97.3,10.608,35.208,110.14,20.7920494420343,5,55,197.56,-89.652,55,3.3075,44,179.4,72.7,"RB"
"80","13138","Kareem Hunt","FA",318.88,203.6,NA,0.43,17,107.9,"Veteran (3+ yrs)",9,213.033333333333,-105.133333333333,-86.4,107.9,NA,1,56,197.56,-89.66,56,NA,121,376.8,194.3,"RB"
"81","13133","Samaje Perine","CIN",260.26,200.85,NA,0.62,17,106.764,"Veteran (3+ yrs)",9,95.0888888888889,11.6751111111111,3.66399999999999,95.8,18.2259562163416,5,57,197.56,-90.796,57,1.476,113,170.6,103.1,"RB"
"82","14095","Ty Johnson","BUF",263.38,199.06,NA,0.43,17,106.366,"Veteran (3+ yrs)",7,86.6285714285714,19.7374285714286,-8.934,107,12.8092458794419,5,58,197.56,-91.194,58,1.14133333333333,97,135.3,115.3,"RB"
"83","17482","Mike Washington","LVR",186.8,157.5425,17.9286479900187,0.5,18,103.44,"Rookie/No History",NA,NA,NA,NA,104.2,20.7545898538131,5,59,197.56,-94.12,59,3.733,NA,NA,NA,"RB"
"84","13610","Nick Chubb","FA",320.12,NA,NA,0.72,17,102.9,"Veteran (3+ yrs)",8,220.675,-117.775,-22,102.9,NA,1,60,197.56,-94.66,60,NA,100,370,124.9,"RB"
"85","16211","Puka Nacua","LAR",4.45,5.43,1.25476691062524,0.03,1,352.908571428571,"Veteran (3+ yrs)",3,296.666666666667,56.2419047619047,-25.0914285714286,343.88,15.3767697394169,6,1,180.2,172.708571428571,1,52.655,44,378,378,"WR"
"86","15281","Ja'Marr Chase","CIN",2.35,4.482,1.35717942807869,0.04,1,345.588571428571,"Veteran (3+ yrs)",5,306.524,39.0645714285715,31.0885714285714,340.2,14.1813391804999,6,2,180.2,165.388571428571,2,59.339,78,403.9,314.5,"WR"
"87","16185","Jaxon Smith-Njigba","SEA",6.08,7.51,1.32435644748685,0.03,2,328.022857142857,"Veteran (3+ yrs)",3,255.433333333333,72.5895238095238,-33.9771428571428,326.13,10.9143647154957,6,3,180.2,147.822857142857,3,48.606,51,362,362,"WR"
"88","15287","Amon-Ra St Brown","DET",7.26,10.21,2.40735539544954,0.01,3,319.271428571429,"Veteran (3+ yrs)",5,293.896,25.3754285714286,-5.62857142857143,319.7,2.66190050259476,6,4,180.2,139.071428571429,4,50.715,82,332.1,324.9,"WR"
"89","15751","Drake London","ATL",15.18,19.814,4.00119282214692,0.32,4,280.384285714286,"Veteran (3+ yrs)",4,207.495,72.8892857142857,80.4842857142857,287.06,26.4155710753732,6,5,180.2,100.184285714286,5,37.202,62,281.1,199.9,"WR"
"90","14836","Justin Jefferson","MIN",11.42,16.374,4.55196485047941,0.28,4,275.822857142857,"Veteran (3+ yrs)",6,282.156666666667,-6.33380952380952,73.7228571428572,272.93,24.3390637414327,6,6,180.2,95.6228571428572,6,45.683,94,367.86,202.1,"WR"
"91","14832","CeeDee Lamb","DAL",10.18,15.27,3.64546841983304,0.06,4,273.345714285714,"Veteran (3+ yrs)",6,270.833333333333,2.51238095238097,72.1457142857143,273.46,15.3565218036104,6,7,180.2,93.1457142857143,7,44.943,94,405.4,201.2,"WR"
"92","16194","Rashee Rice","KCC",28.82,31.118,7.16600976834389,0.29,4,267.222857142857,"Veteran (3+ yrs)",3,142.533333333333,124.689523809524,117.622857142857,275.78,23.9445510254321,6,8,180.2,87.0228571428572,8,26.076,28,212.8,149.6,"WR"
"93","15754","Chris Olave","NOS",27.49,32.546,5.52083906666369,0.28,5,257.207142857143,"Veteran (3+ yrs)",4,192.7,64.5071428571429,-11.0928571428572,259.63,24.9881956893555,6,9,180.2,77.0071428571429,9,27.671,55,268.3,268.3,"WR"
"94","15762","George Pickens","DAL",19.03,25.05,5.20091530405947,0.4,4,254.68,"Veteran (3+ yrs)",4,207.5,47.18,-35.22,239.2,31.5170906017672,5,10,180.2,74.48,10,28.14,65,289.9,289.9,"WR"
"95","14104","AJ Brown","NEP",15.28,25.602,4.60270529145632,0.16,4,252.52,"Veteran (3+ yrs)",7,238.2,14.32,32.22,255.47,18.4501987342504,6,11,180.2,72.32,11,33.379,105,299.6,220.3,"WR"
"96","15290","Nico Collins","HOU",17.52,26.762,5.19536870683881,0.13,4,249.2,"Veteran (3+ yrs)",5,174.96,74.24,24.4,251,17.5242688863188,5,12,180.2,69,12,33.206,66,258.7,224.8,"WR"
"97","16190","Zay Flowers","BAL",33.02,37.384,7.57778490061575,0.21,5,243.52,"Veteran (3+ yrs)",3,221.766666666667,21.7533333333333,-2.78,243.9,22.9991738982077,5,13,180.2,63.32,13,20.532,50,246.3,246.3,"WR"
"98","16615","Malik Nabers","NYG",28,32.712,3.31025920435243,0.28,5,241.92,"Young (1-2yrs)",2,165.1,76.82,184.82,245,20.0861146068621,5,14,180.2,61.72,14,26.825,19,273.1,57.1,"WR"
"99","15753","Garrett Wilson","NYJ",51.72,50.3,8.79789292955989,0.07,6,240.88,"Veteran (3+ yrs)",4,195.325,45.555,141.38,245.5,17.738432850734,5,15,180.2,60.68,15,21.774,58,250.5,99.5,"WR"
"100","17071","Tetairoa McMillan","CAR",37.75,44.75,6.47800586600537,0.14,5,237.4,"Young (1-2yrs)",1,213.4,24,24,238.5,17.7981740636504,5,16,180.2,57.2,16,18.941,17,213.4,213.4,"WR"
"101","15282","DeVonta Smith","PHI",33.33,40.308,6.87137075116749,0.1,6,235.04,"Veteran (3+ yrs)",5,213.86,21.18,33.24,240,13.6946339856164,5,17,180.2,54.84,17,26.13,80,256.6,201.8,"WR"
"102","17081","Emeka Egbuka","TBB",37.48,41.838,4.05590137947165,0.22,5,229.92,"Young (1-2yrs)",1,194.3,35.62,35.62,226.5,19.2828161843648,5,18,180.2,49.72,18,19.884,17,194.3,194.3,"WR"
"103","15756","Jameson Williams","DET",46.4,57.088,12.9271890215932,0.11,5,223.32,"Veteran (3+ yrs)",4,133.45,89.87,1.62000000000003,223.4,14.0654541341544,5,19,180.2,43.12,19,11.851,50,221.7,221.7,"WR"
"104","14835","Tee Higgins","CIN",32.81,41.986,8.95783366668527,0.18,5,223.26,"Veteran (3+ yrs)",6,200.233333333333,23.0266666666667,13.66,216.6,19.5984183035264,5,20,180.2,43.06,20,20.025,82,222.1,209.6,"WR"
"105","16627","Ladd McConkey","LAC",42.63,47.658,3.44813224804386,0.14,6,222.68,"Young (1-2yrs)",2,209.9,12.78,41.78,219.9,16.5754939594571,5,21,180.2,42.48,21,17.58,32,238.9,180.9,"WR"
"106","11675","Davante Adams","LAR",48.7,55.518,11.8299592560583,0.07,5,220.48,"Veteran (3+ yrs)",11,261.5,-41.02,-2.41999999999999,221.1,9.61363614872126,5,22,180.2,40.28,22,19.921,162,358.4,222.9,"WR"
"107","13635","DJ Moore","BUF",59.51,59.608,12.9971033695974,0.35,6,218.86,"Veteran (3+ yrs)",8,218.9975,-0.137499999999989,42.18,209.4,30.5893445500227,5,23,180.2,38.66,23,17.791,131,287.7,176.68,"WR"
"108","14109","Terry McLaurin","WAS",49.18,57.364,9.16582696760091,0.08,6,213.7,"Veteran (3+ yrs)",7,206.714285714286,6.98571428571429,99.5,218.1,14.0030353852299,5,24,180.2,33.5,24,16.882,107,268.4,114.2,"WR"
"109","15284","Jaylen Waddle","DEN",44.31,55.92,8.31061730559169,0.07,6,210.84,"Veteran (3+ yrs)",5,209.904,0.936000000000007,16.12,213,11.4443435810011,5,25,180.2,30.64,25,18.725,78,260.1,194.72,"WR"
"110","16616","Rome Odunze","CHI",54.39,60.424,9.80322110329049,0.16,6,209.12,"Young (1-2yrs)",2,145.95,63.17,63.02,203.3,19.4903052823705,5,26,180.2,28.92,26,10.263,29,146.1,146.1,"WR"
"111","13630","Courtland Sutton","DEN",85.71,88.942,17.3646023853125,0.17,6,206.68,"Veteran (3+ yrs)",8,165.7075,40.9725,-11.02,203.1,18.4357533070933,5,27,180.2,26.48,27,8.515,114,240.3,217.7,"WR"
"112","11671","Mike Evans","SFO",56.22,67.45,10.9775188453493,0.09,6,205.92,"Veteran (3+ yrs)",11,233.945454545455,-28.0254545454546,121.12,206.5,16.9223816290734,5,28,180.2,25.72,28,13.446,161,300.1,84.8,"WR"
"113","17070","Luther Burden","CHI",56.67,62.268,10.1999478430039,0.71,7,205.32,"Young (1-2yrs)",1,129.7,75.62,75.62,206.4,51.3279358634263,5,29,180.2,25.12,29,12.627,15,129.7,129.7,"WR"
"114","15768","Alec Pierce","IND",86.12,79.642,20.2510566637892,0.31,6,198.5,"Veteran (3+ yrs)",4,138.1,60.4,15.2,197.7,13.084532853717,5,30,180.2,18.3,30,6.386,64,183.3,183.3,"WR"
"115","15789","Christian Watson","GBP",50.63,67.884,9.39054119846135,0.03,6,197.66,"Veteran (3+ yrs)",4,126.475,71.185,64.96,197.3,9.80678336662944,5,31,180.2,17.46,31,9.162,47,166.2,132.7,"WR"
"116","16192","Parker Washington","JAC",72.62,79.428,11.0453056091717,0.17,7,197.16,"Veteran (3+ yrs)",3,101,96.16,22.36,198.8,18.8879061835874,5,32,180.2,16.96,32,10.579,38,174.8,174.8,"WR"
"117","14102","DK Metcalf","PIT",80.2,84.426,13.0702725296759,0.11,7,196.66,"Veteran (3+ yrs)",7,218.971428571429,-22.3114285714286,8.85999999999999,195.5,16.9435238365577,5,33,180.2,16.46,33,9.212,112,271.3,187.8,"WR"
"118","16614","Marvin Harrison","ARI",73.92,76.898,7.17608639858802,0.21,7,195.9,"Young (1-2yrs)",2,161.15,34.75,70.1,194.4,20.4298800779642,5,34,180.2,15.7,34,7.896,29,196.5,125.8,"WR"
"119","16206","Michael Wilson","ARI",100.16,93.122,16.8628234883723,0.48,7,195,"Veteran (3+ yrs)",3,152.633333333333,42.3666666666666,-25.6,181.9,29.8917212619147,5,35,180.2,14.8,35,6.919,46,220.6,220.6,"WR"
"120","16618","Brian Thomas","JAC",75.39,81.65,8.0813587966381,0.28,7,192.76,"Young (1-2yrs)",2,210.75,-17.99,53.06,191.9,23.0111494715062,5,36,180.2,12.56,36,6.108,31,281.8,139.7,"WR"
"121","15757","Wan'Dale Robinson","TEN",123.67,111.38,20.785209164211,0.6,8,191.54,"Veteran (3+ yrs)",4,147.625,43.915,-27.26,180.6,39.1764980568708,5,37,180.2,11.34,37,6.136,54,218.8,218.8,"WR"
"122","13163","Chris Godwin","TBB",92.64,95.78,12.4506369314987,0.38,8,190.9,"Veteran (3+ yrs)",9,181.544444444444,9.35555555555555,109.9,187.8,28.1024020325665,5,38,180.2,10.7,38,8.818,119,274.4,81,"WR"
"123","17497","Carnell Tate","TEN",76.54,80.886,12.7190402153622,0.29,8,185.06,"Rookie/No History",NA,NA,NA,NA,181.7,27.5628917205724,5,39,180.2,4.86000000000001,39,27.984,NA,NA,NA,"WR"
"124","14842","Michael Pittman","PIT",110.96,114.702,16.2877517171646,0.21,8,182.64,"Veteran (3+ yrs)",6,194.95,-12.31,-17.76,189.9,19.0829243042045,5,40,180.2,2.44000000000003,40,6.38,95,248.2,200.4,"WR"
"125","14127","Jakobi Meyers","JAC",116.06,120.706,18.098949803787,0.19,8,180.2,"Veteran (3+ yrs)",7,168.6,11.6,2.89999999999998,180.3,17.5175626158436,5,41,180.2,0,41,3.955,100,219.78,177.3,"WR"
"126","16187","Josh Downs","IND",118.47,109.902,11.457515262918,0.17,9,178.366,"Veteran (3+ yrs)",3,159.966666666667,18.3993333333333,39.366,178.7,13.0219537704601,5,42,180.2,-1.834,42,4.437,47,183.8,139,"WR"
"127","12801","Tyreek Hill","FA",276.8,162.165,30.465,0.62,8,174.5,"Veteran (3+ yrs)",10,260.54,-86.04,121,174.5,NA,1,43,180.2,-5.69999999999999,43,1.48,145,378.2,53.5,"WR"
"128","16184","Jayden Reed","GBP",105.73,118.33,20.17387815964,0.5,8,174.28,"Veteran (3+ yrs)",3,156.966666666667,17.3133333333333,124.88,180.7,34.2556856594639,5,44,180.2,-5.91999999999999,44,3.951,38,218.5,49.4,"WR"
"129","16186","Jordan Addison","MIN",97.27,108.096,13.7966207456754,0.34,8,172.94,"Veteran (3+ yrs)",3,190.233333333333,-17.2933333333334,37.24,169,26.1868860309889,5,45,180.2,-7.25999999999999,45,4.4,46,221.6,135.7,"WR"
"130","12186","Stefon Diggs","WAS",119.17,117.318,15.287333842106,0.33,9,169.854,"Veteran (3+ yrs)",11,233.129090909091,-63.2750909090909,-40.446,167.5,9.63006126667945,5,46,180.2,-10.346,46,7.51,161,328.9,210.3,"WR"
"131","14136","Deebo Samuel","SFO",139.93,129.194,18.0011584071692,0.48,8,169.64,"Veteran (3+ yrs)",7,204.051428571429,-34.4114285714285,-23.66,167.6,24.0663250206591,5,47,180.2,-10.56,47,4.429,97,356.66,193.3,"WR"
"132","16188","Quentin Johnston","LAC",90.06,99.892,13.060470741899,0.27,8,168.7,"Veteran (3+ yrs)",3,147.433333333333,21.2666666666667,-3.10000000000002,168.5,24.9547590651563,5,48,180.2,-11.5,48,5.479,45,175.6,171.8,"WR"
"133","16620","Xavier Worthy","KCC",118.58,124.8,21.5830245795162,0.34,8,166.52,"Young (1-2yrs)",2,153.2,13.32,53.32,171.7,23.6026905245991,5,49,180.2,-13.68,49,2.882,30,193.2,113.2,"WR"
"134","15761","Khalil Shakir","BUF",146.36,139.734,16.9718633037154,0.05,9,165.88,"Veteran (3+ yrs)",4,123.825,42.055,-0.820000000000022,168.4,7.78954427421785,5,50,180.2,-14.32,50,2.731,57,183.1,166.7,"WR"
"135","17499","Makai Lemon","PHI",106.92,113.55,14.7734464496271,0.24,9,159.56,"Rookie/No History",NA,NA,NA,NA,148.9,20.9181261111028,5,51,180.2,-20.64,51,18.741,NA,NA,NA,"WR"
"136","15779","Romeo Doubs","NEP",131.39,131.962,17.6088811683196,0.26,9,158.88,"Veteran (3+ yrs)",4,142.45,16.43,-4.52000000000001,156.2,23.4360192865597,5,52,180.2,-21.32,52,4.247,59,174.4,163.4,"WR"
"137","17075","Matthew Golden","GBP",128.06,126.088,14.7045426994518,0.26,9,158.44,"Young (1-2yrs)",1,73,85.44,85.44,154.2,19.0251938229286,5,53,180.2,-21.76,53,3.246,14,73,73,"WR"
"138","14833","Jerry Jeudy","CLE",178.06,158.225,15.5878758976328,0.33,9,152.28,"Veteran (3+ yrs)",6,157.716666666667,-5.43666666666667,31.28,153.2,17.6702292005509,5,54,180.2,-27.92,54,3.85066666666667,91,236.9,121,"WR"
"139","16080","Rashid Shaheed","SEA",142.11,138.6725,21.7512429242561,0.66,9,151.48,"Veteran (3+ yrs)",4,120.075,31.405,4.18000000000004,145.5,45.5852717442816,5,55,180.2,-28.72,55,4.014,51,153.7,147.3,"WR"
"140","16809","Jalen Coker","CAR",137.4,142.582,13.3082206173478,0.28,9,149.78,"Young (1-2yrs)",2,90.48,59.3,61.38,147.9,18.9049464426642,5,56,180.2,-30.42,56,2.708,22,92.56,88.4,"WR"
"141","11222","Keenan Allen","IND",236.07,210.57,16.65,0.75,10,148.7,"Veteran (3+ yrs)",11,207.987272727273,-59.2872727272728,-34,148.7,15.2735064736294,2,57,180.2,-31.5,57,2.448,141,279.46,182.7,"WR"
"142","17501","KC Concepcion","CLE",132.39,127.448,8.45124700857809,0.62,10,147.72,"Rookie/No History",NA,NA,NA,NA,155.1,40.1139252629308,5,58,180.2,-32.48,58,14.918,NA,NA,NA,"WR"
"143","17083","Jayden Higgins","HOU",123.12,134.614,12.9908946574129,0.12,10,140.6,"Young (1-2yrs)",1,129.5,11.1,11.1,142.2,10.7186752912848,5,59,180.2,-39.6,59,2.342,17,129.5,129.5,"WR"
"144","16287","Tre Tucker","LVR",178.39,170.5725,25.5442599961322,0.15,10,139.08,"Veteran (3+ yrs)",3,123.933333333333,15.1466666666666,-25.92,140.5,10.3779574098182,5,60,180.2,-41.12,60,2.024,47,165,165,"WR"
"145","13629","Calvin Ridley","TEN",202.83,176.2225,46.4782585597826,0.75,9,135.52,"Veteran (3+ yrs)",7,176.542857142857,-41.0228571428571,88.22,133.8,42.2088497829543,5,61,180.2,-44.68,61,2.25666666666667,90,281,47.3,"WR"
"146","14860","Jauan Jennings","MIN",168.94,169.855,24.889681094783,0.54,10,133.04,"Veteran (3+ yrs)",5,119.62,13.42,-38.26,122.9,30.1594595442292,5,62,180.2,-47.16,62,1.744,72,210.5,171.3,"WR"
"147","16684","Malik Washington","MIA",210.81,165.486666666667,12.9442196451629,0.53,10,130.98,"Young (1-2yrs)",2,87.05,43.93,15.18,116.6,21.675723748009,5,63,180.2,-49.22,63,2.694,31,115.8,115.8,"WR"
"148","16628","Jalen McMillan","TBB",176.47,168.32,27.4930439687326,0.12,10,130.96,"Young (1-2yrs)",2,83.4,47.56,100.76,133.6,7.23691923403875,5,64,180.2,-49.24,64,2.19466666666667,17,136.6,30.2,"WR"
"149","17498","Jordyn Tyson","NOS",130.32,101.28,13.9083816456121,0.88,10,130.48,"Rookie/No History",NA,NA,NA,NA,114.4,63.7380341711289,5,65,180.2,-49.72,65,24.081,NA,NA,NA,"WR"
"150","17500","Denzel Boston","CLE",163.73,151.098,13.8248058214211,0.63,10,128.7,"Rookie/No History",NA,NA,NA,NA,141.3,37.1216917717929,5,66,180.2,-51.5,66,10.2405,NA,NA,NA,"WR"
"151","15786","Jalen Nailor","LVR",188.19,156.772,22.5301135372195,0.66,10,128.16,"Veteran (3+ yrs)",4,61,67.16,28.86,124.4,31.9546240785274,5,67,180.2,-52.04,67,1.8555,43,105.9,99.3,"WR"
"152","17514","De'Zhaun Stribling","SFO",154.16,135.578,5.56127467402933,0.91,10,126.18,"Rookie/No History",NA,NA,NA,NA,131.6,67.1992336265824,5,68,180.2,-54.02,68,11.309,NA,NA,NA,"WR"
"153","15293","Rashod Bateman","BAL",208.57,172.116666666667,55.1328143869168,0.44,10,122.25,"Veteran (3+ yrs)",5,92.36,29.89,68.85,124.3,21.4542148151204,4,69,180.2,-57.95,69,2.474,62,174.6,53.4,"WR"
"154","16626","Adonai Mitchell","NYJ",175.6,194.596666666667,22.4956741520577,0.42,11,115.88,"Young (1-2yrs)",2,71.58,44.3,27.68,108.2,23.5764076992234,5,70,180.2,-64.32,70,1.328,33,88.2,88.2,"WR"
"155","13164","Cooper Kupp","SEA",237.5,178.9175,19.033844035034,0.35,11,115.376,"Veteran (3+ yrs)",9,210.177777777778,-94.8017777777778,1.07599999999999,104.4,20.899805740724,5,71,180.2,-64.824,71,3.076,120,438.7,114.3,"WR"
"156","17511","Malachi Fields","NYG",255.78,199.715,9.55500000000001,0.94,11,114.25,"Rookie/No History",NA,NA,NA,NA,114.25,72.6198664278584,2,72,180.2,-65.95,72,4.21266666666667,NA,NA,NA,"WR"
"157","17072","Tre' Harris","LAC",188.36,191.06,1.69999999999999,0.66,11,112.575,"Rookie/No History",NA,NA,NA,NA,98.4,38.379801545431,4,73,180.2,-67.625,73,1.584,NA,NA,NA,"WR"
"158","17074","Travis Hunter","JAC",182.62,160.345,24.5930584718534,0.49,11,112.275,"Rookie/No History",NA,NA,NA,NA,111.9,22.502351728949,4,74,180.2,-67.925,74,1.884,NA,NA,NA,"WR"
"159","16193","Kayshon Boutte","NEP",193.59,174.7225,11.6893121589767,0.72,10,112.2,"Veteran (3+ yrs)",3,82.6333333333333,29.5666666666667,-11.9,90.8,44.1645219605058,5,75,180.2,-68,75,1.72333333333333,32,124.1,124.1,"WR"
"160","16788","Devaughn Vele","NOS",272.58,285.88,NA,0.63,11,110.06,"Young (1-2yrs)",2,86.4,23.66,43.76,122.5,35.2358198428815,5,76,180.2,-70.14,76,1.238,22,106.5,66.3,"WR"
"161","15788","Jalen Tolbert","MIA",302.61,228.69,28.48,0.77,11,108.75,"Veteran (3+ yrs)",4,65.075,43.675,64.45,93.1,37.4156384416997,4,77,180.2,-71.45,77,1.70933333333333,46,152,44.3,"WR"
"162","16751","Bub Means","NOS",NA,NA,NA,0.99,11,106.8,"Young (1-2yrs)",1,26.8,80,80,106.8,NA,1,78,180.2,-73.4,78,NA,4,26.8,26.8,"WR"
"163","17502","Omar Cooper","NYJ",187.66,158.1125,21.8190689249106,0.75,11,105.2,"Rookie/No History",NA,NA,NA,NA,107.6,44.4311264768293,5,79,180.2,-75,79,8.435,NA,NA,NA,"WR"
"164","14122","Darius Slayton","NYG",272.92,199.2,NA,0.29,11,104.175,"Veteran (3+ yrs)",7,123.614285714286,-19.4392857142857,9.37499999999999,101.85,16.9845763365865,4,80,180.2,-76.025,80,2.796,103,170,94.8,"WR"
"165","15794","Trey McBride","ARI",24.36,30.28,11.1268558002699,0.41,1,264.502857142857,"Veteran (3+ yrs)",4,200.75,63.7528571428571,-51.3971428571429,254.41,20.2001491036458,6,1,167.98,96.5228571428571,1,30.974,62,315.9,315.9,"TE"
"166","16641","Brock Bowers","LVR",17.6,29.386,11.4701588480718,0.01,2,249.397142857143,"Young (1-2yrs)",2,219.5,29.8971428571429,74.5971428571429,243.89,8.07857395478047,6,2,167.98,81.4171428571429,2,31.408,29,264.2,174.8,"TE"
"167","17104","Colston Loveland","CHI",39.31,49.716,10.3623290818233,0.21,3,206,"Young (1-2yrs)",1,165.4,40.6,40.6,205.7,17.0764701660892,6,3,167.98,38.02,3,18.088,16,165.4,165.4,"TE"
"168","17102","Tyler Warren","IND",61.01,58.708,11.6757413469124,0.1,3,196.46,"Young (1-2yrs)",1,190.3,6.16000000000003,6.16000000000003,199.21,11.9236948971365,6,4,167.98,28.48,4,15.728,17,190.3,190.3,"TE"
"169","17103","Harold Fannin","CLE",88.6,79.748,11.0649634432293,0.47,3,193.522857142857,"Young (1-2yrs)",1,188.5,5.02285714285711,5.02285714285711,191.13,19.52110030564,6,5,167.98,25.5428571428571,5,7.372,16,188.5,188.5,"TE"
"170","15329","Kyle Pitts","ATL",89.42,83.99,13.6339458705101,0.18,4,191.654285714286,"Veteran (3+ yrs)",5,146.36,45.2942857142857,-19.1457142857143,185.6,12.6575377504775,6,6,167.98,23.6742857142857,6,8.8,78,210.8,210.8,"TE"
"171","11244","Travis Kelce","KCC",109.93,111.08,13.8087522970035,0.09,5,180.705714285714,"Veteran (3+ yrs)",11,244.16,-63.4542857142857,-10.7942857142857,181.67,8.5927447247525,6,7,167.98,12.7257142857143,7,5.705,175,314.9,191.5,"TE"
"172","16214","Sam LaPorta","DET",77.66,80.086,13.6942288574421,0.09,4,179.311428571429,"Veteran (3+ yrs)",3,172.366666666667,6.94476190476189,72.4114285714286,184.39,12.9933655231833,6,8,167.98,11.3314285714286,8,8.581,42,235.6,106.9,"TE"
"173","16222","Tucker Kraft","GBP",58.48,72.882,8.15635801077908,0.33,3,177.451428571429,"Veteran (3+ yrs)",3,119.4,58.0514285714286,59.9514285714286,178.68,14.2370308568552,6,9,167.98,9.47142857142859,9,9.804,39,162.2,117.5,"TE"
"174","13299","George Kittle","SFO",95.48,103.716,10.8435521855156,0.36,4,172.814,"Veteran (3+ yrs)",9,190.5,-17.686,11.014,171.4,16.8494504361418,5,10,167.98,4.834,10,8.22,124,257,161.8,"TE"
"175","13674","Dallas Goedert","PHI",114.29,107.18,25.8502758205788,0.61,4,172.168571428571,"Veteran (3+ yrs)",8,135.125,37.0435714285714,-12.9314285714286,179.59,21.3995221352966,6,11,167.98,4.18857142857144,11,4.938,107,185.1,185.1,"TE"
"176","13671","Mark Andrews","BAL",114.54,119.446,5.53172522817249,0.16,4,169.66,"Veteran (3+ yrs)",8,178.875,-9.215,35.66,172.7,8.2793719568576,5,12,167.98,1.68000000000001,12,4.631,121,297.4,134,"TE"
"177","15798","Isaiah Likely","NYG",112.46,109.896,14.4528372301081,0.66,5,167.98,"Veteran (3+ yrs)",4,94.45,73.53,106.28,155.3,22.4821484738447,5,13,167.98,0,13,5.321,55,123.7,61.7,"TE"
"178","15799","Jake Ferguson","DAL",130.34,125.7,12.7740158133611,0.13,6,167.96,"Veteran (3+ yrs)",4,129.075,38.885,-18.44,168.8,9.33664822085528,5,14,167.98,-0.0199999999999818,14,3.375,59,186.4,186.4,"TE"
"179","14861","Juwan Johnson","NOS",145.15,149.675,13.2791123573829,0.44,6,160.98,"Veteran (3+ yrs)",6,99.35,61.63,-18.92,156.7,16.6771400425852,5,15,167.98,-6.99999999999997,15,3.42266666666667,79,179.9,179.9,"TE"
"180","16213","Dalton Kincaid","BUF",103.21,120.87,14.7677066601419,0.42,5,158.4,"Veteran (3+ yrs)",3,125.733333333333,32.6666666666667,32.3,152.7,16.8712773671705,5,16,167.98,-9.57999999999998,16,3.609,41,150.3,126.1,"TE"
"181","12676","Hunter Henry","NEP",152.9,149.19,13.9993914153437,0.05,6,155.8,"Veteran (3+ yrs)",9,140.277777777778,15.5222222222222,-23,154.4,8.47260290583713,5,17,167.98,-12.18,17,2.96,129,178.8,178.8,"TE"
"182","16269","Brenton Strange","JAC",154.06,158.525,11.4996467337045,0.43,6,150.56,"Veteran (3+ yrs)",3,74.5333333333333,76.0266666666667,32.56,142.9,19.4943068612352,5,18,167.98,-17.42,18,2.77533333333333,33,118,118,"TE"
"183","13772","Dalton Schultz","HOU",206.51,165.325,25.2254499464331,0.11,7,150.4,"Veteran (3+ yrs)",8,120.95,29.45,-27.3,150.7,11.3430595519904,5,19,167.98,-17.58,19,2.3305,111,206.8,177.7,"TE"
"184","14138","TJ Hockenson","MIN",219.75,151.03,17.1970985924952,0.21,7,148.2,"Veteran (3+ yrs)",7,147.085714285714,1.11428571428573,35.1,148.6,16.2032404166574,5,20,167.98,-19.78,20,3.3315,97,219,113.1,"TE"
"185","17543","Kenyon Sadiq","NYJ",204.58,145.025,25.1871996260005,0.68,7,138.68,"Rookie/No History",NA,NA,NA,NA,144.5,26.3359450181686,5,21,167.98,-29.3,21,4.3995,NA,NA,NA,"TE"
"186","15331","Pat Freiermuth","PIT",231.3,179.676666666667,38.901076534661,0.13,7,138.22,"Veteran (3+ yrs)",5,131.32,6.90000000000001,24.62,138.3,9.98834320595763,5,22,167.98,-29.76,22,2.00266666666667,74,170.3,113.6,"TE"
"187","15889","Chigoziem Okonkwo","WAS",164.48,160.69,5.86,0.42,7,136.42,"Rookie/No History",NA,NA,NA,NA,134,17.2456371294307,5,23,167.98,-31.56,23,3.48533333333333,NA,NA,NA,"TE"
"188","15797","Greg Dulcich","MIA",206.62,174.26,30.2375131252555,0.28,7,135.498,"Veteran (3+ yrs)",4,40.625,94.873,72.398,136.6,8.53598383316182,5,24,167.98,-32.482,24,2.194,25,86.1,63.1,"TE"
"189","15802","Cade Otton","TBB",245.67,211.25,0.669999999999987,0.58,8,131.82,"Veteran (3+ yrs)",4,118.175,13.645,9.61999999999999,123.5,24.7947978414828,5,25,167.98,-36.16,25,2.032,62,140.9,122.2,"TE"
"190","16723","AJ Barner","SEA",195.46,166.625,29.7178098957511,0.27,7,123.76,"Young (1-2yrs)",2,114.4,9.36,-26.54,128.4,12.8752864045815,5,26,167.98,-44.22,26,2.09733333333333,32,150.3,150.3,"TE"
"191","17099","Oronde Gadsden","LAC",172.58,163.375,32.755,0.61,8,118.42,"Young (1-2yrs)",1,131.4,-12.98,-12.98,123.9,22.661796045327,5,27,167.98,-49.56,27,2.41666666666667,15,131.4,131.4,"TE"
"192","13192","David Njoku","LAC",246.44,180.833333333333,48.8521636049918,0.79,8,118.34,"Veteran (3+ yrs)",9,109.866666666667,8.47333333333333,32.04,118.4,33.3381613170253,5,28,167.98,-49.64,28,1.568,112,201.2,86.3,"TE"
"193","17105","Gunnar Helm","TEN",234.88,201.765,13.835,0.25,9,117.06,"Young (1-2yrs)",1,91.7,25.36,25.36,114.2,14.5870833273825,5,29,167.98,-50.92,29,2.712,16,91.7,91.7,"TE"
"194","13672","Mike Gesicki","CIN",273.63,277,NA,0.19,9,110.64,"Veteran (3+ yrs)",8,109.2875,1.35249999999999,39.94,112.3,13.7467450692882,5,30,167.98,-57.34,30,1.07,121,163,70.7,"TE"
